{
  "name": "monaca-onsenui",
  "version": "2.0.0-rc.4",
  "description": "Dist version of OnsenUI for Monaca Component.",
  "main": "onsenui.js",
  "monaca": {
    "main": [
      "js/onsenui.min.js",
      "css/onsenui.css",
      "css/onsen-css-components.css"
    ],
    "option": [
      "js/angular/angular.min.js",
      "js/angular-onsenui.min.js",
      "css/onsen-css-components-blue-basic-theme.css",
      "css/onsen-css-components-blue-theme.css",
      "css/onsen-css-components-dark-theme.css",
      "css/onsen-css-components-purple-theme.css",
      "css/onsen-css-components-sunshine-theme.css"
    ]
  },
  "keywords": [
    "monaca"
  ],
  "authors": [
    "Monaca"
  ],
  "repository": {
    "type": "git",
    "url": "git://github.com:monaca/monaca-component-onsenui.git"
  },
  "homepage": "http://onsenui.io/",
  "ignore": [
    "**/.*",
    "node_modules",
    "test",
    "README.md"
  ],
  "_release": "2.0.0-rc.4",
  "_resolution": {
    "type": "version",
    "tag": "2.0.0-rc.4",
    "commit": "22a04a39409302e80a85569bfe8c37dd22a55088"
  },
  "_source": "https://github.com/monaca/monaca-component-onsenui.git",
  "_target": "2.0.0-rc.4",
  "_originalSource": "monaca-onsenui",
  "_direct": true
}